slide_id,label,prob,split
SR1482_40X_HE_T173_01,0,0.033235251903533936,train
SR1482_40X_HE_T207_02,0,0.17149895429611206,train
SR386_40X_HE_T469_01,1,0.7586144208908081,train
SR1482_40X_HE_T086_01,0,0.04398848116397858,train
SR1482_40X_HE_T092_01,0,0.02355588972568512,train
SR386_40X_HE_T039_01,0,0.06832969188690186,train
SR1482_40X_HE_T364_02,0,0.4491211771965027,train
SR1482_40X_HE_T171_02,0,0.16252455115318298,train
SR1482_40X_HE_T042_01,0,0.10267511755228043,train
SR1482_40X_HE_T299_01,0,0.06261095404624939,train
SR1482_40X_HE_T160_02,0,0.028376126661896706,train
SR1482_40X_HE_T321_01,0,0.0037729463074356318,train
SR1482_40X_HE_T146_01,0,0.8188431859016418,train
SR386_40X_HE_T478_01,0,0.12855464220046997,train
SR386_40X_HE_T509_01,0,0.02451896108686924,train
SR386_40X_HE_T386_01,0,0.13180343806743622,train
SR386_40X_HE_T498_01,0,0.5882298946380615,train
SR386_40X_HE_T487_01,0,0.09279992431402206,train
SR386_40X_HE_T486_01,0,0.3001095950603485,train
SR1482_40X_HE_T183_01,0,0.3007417619228363,train
SR386_40X_HE_T224_01,0,0.23652470111846924,train
SR1482_40X_HE_T159_02,0,0.32750898599624634,train
SR1482_40X_HE_T375_01,0,0.13721084594726562,train
SR386_40X_HE_T085_01,0,0.056196801364421844,train
SR1482_40X_HE_T097_01,1,0.9434619545936584,train
SR1482_40X_HE_T285_02,0,0.2986449599266052,train
SR1482_40X_HE_T019_01,0,0.011884734034538269,train
SR1482_40X_HE_T410_02,0,0.039812199771404266,train
SR1482_40X_HE_T328_01,0,0.3476610481739044,train
SR386_40X_HE_T189_01,0,0.00705909775570035,train
SR386_40X_HE_T451_01,0,0.06831666827201843,train
SR1482_40X_HE_T368_01,0,0.09166177362203598,train
SR1482_40X_HE_T327_02,0,0.14878420531749725,train
SR1482_40X_HE_T309_01,0,0.14101652801036835,train
SR1482_40X_HE_T316_01,0,0.07687128335237503,train
SR1482_40X_HE_T219_01,0,0.03245605528354645,train
SR1482_40X_HE_T183_02,0,0.4757053852081299,train
SR1482_40X_HE_T343_01,1,0.8683929443359375,train
SR1482_40X_HE_T208_01,0,0.0876484364271164,train
SR1482_40X_HE_T169_01,0,0.28499624133110046,train
SR386_40X_HE_T152_01,0,0.17585986852645874,train
SR1482_40X_HE_T094_01,1,0.7860627174377441,train
SR1482_40X_HE_T080_02,0,0.14184507727622986,train
SR1482_40X_HE_T394_01,0,0.14587651193141937,train
SR1482_40X_HE_T276_01,0,0.024622797966003418,train
SR1482_40X_HE_T397_01,0,0.24966181814670563,train
SR386_40X_HE_T107_01,0,0.04063692316412926,train
SR386_40X_HE_T492_01,0,0.026863286271691322,train
SR1482_40X_HE_T155_01,1,0.8575448989868164,train
SR1482_40X_HE_T187_01,0,0.13734611868858337,train
SR386_40X_HE_T063_01,0,0.31350022554397583,train
SR1482_40X_HE_T376_01,0,0.5322118997573853,train
SR386_40X_HE_T416_01,0,0.18937194347381592,train
SR1482_40X_HE_T116_01,0,0.3703215420246124,train
SR1482_40X_HE_T330_01,0,0.014856822788715363,train
SR1482_40X_HE_T384_02,1,0.802276611328125,train
SR386_40X_HE_T072_01,0,0.09009317308664322,train
SR386_40X_HE_T238_01,0,0.08776333928108215,train
SR386_40X_HE_T465_01,0,0.016784625127911568,train
SR386_40X_HE_T198_01,0,0.3373788893222809,train
SR386_40X_HE_T267_01,0,0.329510897397995,train
SR1482_40X_HE_T280_01,0,0.06555759906768799,train
SR1482_40X_HE_T258_01,0,0.08968032896518707,train
SR386_40X_HE_T014_01,0,0.15564528107643127,train
SR1482_40X_HE_T189_02,0,0.0018252364825457335,train
SR1482_40X_HE_T151_01,0,0.024659413844347,train
SR386_40X_HE_T020_01,0,0.0032508207950741053,train
SR1482_40X_HE_T344_01,0,0.28967398405075073,train
SR1482_40X_HE_T005_01,0,0.3851703405380249,train
SR386_40X_HE_T406_01,0,0.2814387083053589,train
SR386_40X_HE_T086_01,0,0.08779572695493698,train
SR1482_40X_HE_T124_02,0,0.331644207239151,train
SR1482_40X_HE_T235_01,0,0.0704989805817604,train
SR1482_40X_HE_T168_01,0,0.07825134694576263,train
SR1482_40X_HE_T017_01,0,0.004309504292905331,train
SR1482_40X_HE_T404_01,0,0.29357975721359253,train
SR386_40X_HE_T018_01,0,0.22645629942417145,train
SR1482_40X_HE_T316_02,0,0.1035325899720192,train
SR386_40X_HE_T082_01,0,0.08008308708667755,train
SR386_40X_HE_T395_01,0,0.014934402890503407,train
SR1482_40X_HE_T418_01,0,0.0045998310670256615,train
SR1482_40X_HE_T029_01,0,0.3290244936943054,train
SR386_40X_HE_T155_01,0,0.07602942734956741,train
SR1482_40X_HE_T289_02,1,0.7128724455833435,train
SR1482_40X_HE_T063_01,1,0.9029200673103333,train
SR1482_40X_HE_T025_02,0,0.31468379497528076,train
SR386_40X_HE_T190_01,0,0.009804751724004745,train
SR386_40X_HE_T449_01,0,0.004527767188847065,train
SR1482_40X_HE_T232_02,0,0.39902839064598083,train
SR386_40X_HE_T001_01,0,0.36036190390586853,train
SR1482_40X_HE_T009_01,0,0.014022317714989185,train
SR1482_40X_HE_T409_01,0,0.3175508379936218,train
SR1482_40X_HE_T192_01,0,0.018715329468250275,train
SR1482_40X_HE_T071_02,0,0.13765370845794678,train
SR386_40X_HE_T534_01,0,0.14700643718242645,train
SR1482_40X_HE_T118_02,0,0.23383520543575287,train
SR386_40X_HE_T560_01,0,0.42891719937324524,train
SR386_40X_HE_T205_01,0,0.5442363023757935,train
SR386_40X_HE_T030_01,0,0.6922186017036438,train
SR1482_40X_HE_T287_01,0,0.11830534785985947,train
SR386_40X_HE_T212_01,0,0.12308850884437561,train
SR1482_40X_HE_T341_02,0,0.08329175412654877,train
SR1482_40X_HE_T113_02,0,0.07325323671102524,train
SR1482_40X_HE_T235_02,0,0.008806005120277405,train
SR1482_40X_HE_T245_02,0,0.15784093737602234,train
SR1482_40X_HE_T338_01,0,0.3984116315841675,train
SR1482_40X_HE_T337_02,0,0.21895191073417664,train
SR1482_40X_HE_T371_01,0,0.04766850546002388,train
SR386_40X_HE_T564_01,0,0.051512621343135834,train
SR1482_40X_HE_T351_01,0,0.002823708113282919,train
SR386_40X_HE_T393_01,0,0.03232631832361221,train
SR1482_40X_HE_T177_01,1,0.6641950011253357,train
SR1482_40X_HE_T348_01,0,0.20937801897525787,train
SR1482_40X_HE_T091_01,0,0.014117381535470486,train
SR1482_40X_HE_T432_02,0,0.2839571237564087,train
SR386_40X_HE_T245_01,0,0.010508013889193535,train
SR386_40X_HE_T573_01,0,0.446114182472229,train
SR1482_40X_HE_T372_01,1,0.879761815071106,train
SR1482_40X_HE_T129_01,0,0.04282413050532341,train
SR1482_40X_HE_T270_01,0,0.021338144317269325,train
SR386_40X_HE_T050_01,0,0.04658540338277817,train
SR1482_40X_HE_T094_02,1,0.6375906467437744,train
SR386_40X_HE_T543_01,0,0.17616823315620422,train
SR386_40X_HE_T312_01,0,0.11078980565071106,train
SR386_40X_HE_T394_01,0,0.06949448585510254,train
SR386_40X_HE_T418_01,0,0.011431894265115261,train
SR386_40X_HE_T260_01,0,0.1969401240348816,train
SR386_40X_HE_T372_01,0,0.6204574108123779,train
SR386_40X_HE_T216_01,1,0.8412371277809143,train
SR1482_40X_HE_T029_02,0,0.08575448393821716,train
SR386_40X_HE_T041_01,0,0.7633779644966125,train
SR1482_40X_HE_T256_01,0,0.012581873685121536,train
SR1482_40X_HE_T308_01,0,0.01656942255795002,train
SR386_40X_HE_T027_01,0,0.14535635709762573,train
SR1482_40X_HE_T068_01,0,0.053858380764722824,train
SR1482_40X_HE_T176_02,1,0.9799817800521851,train
SR1482_40X_HE_T137_01,0,0.03248576074838638,train
SR386_40X_HE_T342_01,0,0.004787840414792299,train
SR1482_40X_HE_T104_01,0,0.13759125769138336,train
SR1482_40X_HE_T131_02,0,0.8525692820549011,train
SR1482_40X_HE_T095_01,0,0.010081502608954906,train
SR386_40X_HE_T010_01,0,0.3588508665561676,train
SR386_40X_HE_T213_01,0,0.03873704746365547,train
SR386_40X_HE_T550_01,0,0.17133861780166626,train
SR1482_40X_HE_T231_01,0,0.03885996341705322,train
SR386_40X_HE_T236_01,0,0.18937048316001892,train
SR1482_40X_HE_T206_01,0,0.24200455844402313,train
SR1482_40X_HE_T023_01,0,0.0001271563523914665,train
SR1482_40X_HE_T351_02,0,0.019889378920197487,train
SR386_40X_HE_T098_01,0,0.3490711748600006,train
SR1482_40X_HE_T257_01,0,0.18142789602279663,train
SR1482_40X_HE_T359_01,0,0.08834709227085114,train
SR1482_40X_HE_T052_01,0,0.5527572631835938,train
SR1482_40X_HE_T050_01,0,0.056768644601106644,train
SR386_40X_HE_T382_01,0,0.14058977365493774,train
SR1482_40X_HE_T132_01,0,0.10055701434612274,train
SR386_40X_HE_T301_01,0,0.011638827621936798,train
SR1482_40X_HE_T358_01,1,0.8411784172058105,train
SR386_40X_HE_T272_01,0,0.5852959752082825,train
SR1482_40X_HE_T434_01,1,0.8685926198959351,train
SR1482_40X_HE_T239_01,1,0.7170613408088684,train
SR386_40X_HE_T095_01,0,0.11800473183393478,train
SR386_40X_HE_T182_01,0,0.15392787754535675,train
SR1482_40X_HE_T142_01,0,0.013803715817630291,train
SR386_40X_HE_T368_01,1,0.9217913150787354,train
SR386_40X_HE_T132_01,0,0.0017355292802676558,train
SR1482_40X_HE_T264_01,0,0.07480073720216751,train
SR1482_40X_HE_T260_01,0,0.23699726164340973,train
SR1482_40X_HE_T159_01,0,0.23064878582954407,train
SR386_40X_HE_T397_01,0,0.2109127640724182,train
SR1482_40X_HE_T031_01,0,0.02192430943250656,train
SR1482_40X_HE_T186_01,0,0.0599154457449913,train
SR1482_40X_HE_T078_01,1,0.9554741382598877,train
SR1482_40X_HE_T278_01,0,0.048186201602220535,train
SR386_40X_HE_T075_01,0,0.04867354780435562,train
SR386_40X_HE_T281_01,0,0.15054099261760712,train
SR1482_40X_HE_T207_01,0,0.008947078138589859,train
SR1482_40X_HE_T392_02,0,0.1838223785161972,train
SR1482_40X_HE_T121_01,0,0.018130505457520485,train
SR1482_40X_HE_T251_01,0,0.047072768211364746,train
SR386_40X_HE_T338_01,0,0.05629108473658562,train
SR1482_40X_HE_T225_01,0,0.048047225922346115,train
SR386_40X_HE_T460_01,1,0.7858456373214722,train
SR386_40X_HE_T401_01,0,0.2236219346523285,train
SR1482_40X_HE_T098_01,0,0.2722415328025818,train
SR1482_40X_HE_T296_02,0,0.6983814835548401,train
SR1482_40X_HE_T240_01,0,0.14843320846557617,train
SR386_40X_HE_T533_01,0,0.03087068721652031,train
SR386_40X_HE_T149_01,0,0.14429371058940887,train
SR386_40X_HE_T363_01,1,0.861480712890625,train
SR1482_40X_HE_T195_02,0,0.2659444212913513,train
SR386_40X_HE_T154_01,0,0.23840907216072083,train
SR386_40X_HE_T253_01,0,0.1821868121623993,train
SR1482_40X_HE_T293_01,0,0.02289767377078533,train
SR1482_40X_HE_T197_01,0,0.01757655292749405,train
SR1482_40X_HE_T118_01,0,0.5269545912742615,train
SR1482_40X_HE_T033_01,0,0.014755653217434883,train
SR386_40X_HE_T210_01,0,0.14657582342624664,train
SR1482_40X_HE_T398_01,0,0.03506341204047203,train
SR1482_40X_HE_T420_01,0,0.47620704770088196,train
SR1482_40X_HE_T024_01,0,0.023681774735450745,train
SR386_40X_HE_T380_01,0,0.03927706554532051,train
SR1482_40X_HE_T362_01,0,0.006346518639475107,train
SR1482_40X_HE_T377_02,0,0.15084786713123322,train
SR386_40X_HE_T040_01,1,0.7770305275917053,train
SR1482_40X_HE_T419_01,0,0.019803598523139954,train
SR386_40X_HE_T470_01,0,0.036010466516017914,train
SR1482_40X_HE_T130_01,1,0.6101970076560974,train
SR386_40X_HE_T191_01,0,0.09703540056943893,train
SR386_40X_HE_T477_01,0,0.24582497775554657,train
SR1482_40X_HE_T158_01,0,0.04797562211751938,train
SR1482_40X_HE_T012_01,0,0.4477933645248413,train
SR386_40X_HE_T496_01,0,0.0018189151305705309,train
SR386_40X_HE_T259_01,1,0.8685240149497986,train
SR386_40X_HE_T270_01,0,0.1137278750538826,train
SR1482_40X_HE_T219_02,0,0.15319299697875977,train
SR1482_40X_HE_T414_02,0,0.2896234691143036,train
SR386_40X_HE_T315_01,0,0.09903396666049957,train
SR1482_40X_HE_T317_01,0,0.033616386353969574,train
SR1482_40X_HE_T374_01,0,0.13939471542835236,train
SR1482_40X_HE_T341_01,0,0.008528622798621655,train
SR1482_40X_HE_T002_01,0,0.008561437949538231,train
SR386_40X_HE_T024_01,0,0.0012233485467731953,train
SR1482_40X_HE_T226_01,0,0.0983257070183754,train
SR386_40X_HE_T286_01,0,0.04359626770019531,train
SR386_40X_HE_T352_01,0,0.09232618659734726,train
SR386_40X_HE_T187_01,0,0.4920233190059662,train
SR386_40X_HE_T169_01,0,0.002468210645020008,train
SR1482_40X_HE_T319_01,0,0.11979693919420242,train
SR1482_40X_HE_T066_02,0,0.503418505191803,train
SR1482_40X_HE_T147_01,0,0.8736501336097717,train
SR386_40X_HE_T491_01,0,0.4910854697227478,train
SR1482_40X_HE_T026_02,0,0.04489355534315109,train
SR1482_40X_HE_T129_02,0,0.18400482833385468,train
SR386_40X_HE_T375_01,0,0.4694790244102478,train
SR1482_40X_HE_T093_01,0,0.006836078595370054,train
SR1482_40X_HE_T024_02,0,0.24536697566509247,train
SR386_40X_HE_T506_01,0,0.158670112490654,train
SR386_40X_HE_T142_01,0,0.10830492526292801,train
SR1482_40X_HE_T132_02,0,0.08217847347259521,train
SR386_40X_HE_T255_01,0,0.07484852522611618,train
SR386_40X_HE_T337_01,0,0.13940811157226562,train
SR1482_40X_HE_T105_01,0,0.12522278726100922,train
SR386_40X_HE_T250_01,0,0.0014766431413590908,train
SR1482_40X_HE_T433_01,1,0.6464233994483948,train
SR386_40X_HE_T058_01,0,0.008041087538003922,train
SR1482_40X_HE_T063_02,1,0.7938288450241089,train
SR386_40X_HE_T127_01,0,0.082981176674366,train
SR1482_40X_HE_T004_01,0,0.13219141960144043,train
SR1482_40X_HE_T328_02,0,0.26723459362983704,train
SR1482_40X_HE_T189_01,0,0.0056194132193923,train
SR1482_40X_HE_T152_01,0,0.0031380262225866318,train
SR386_40X_HE_T424_01,0,0.3276706337928772,train
SR386_40X_HE_T278_01,1,0.9132272601127625,train
SR386_40X_HE_T196_01,0,0.4003216326236725,train
SR1482_40X_HE_T402_01,0,0.012538476847112179,train
SR386_40X_HE_T136_01,0,0.12615066766738892,train
SR1482_40X_HE_T225_02,0,0.0025636067148298025,train
SR1482_40X_HE_T284_01,1,0.7798230051994324,train
SR1482_40X_HE_T064_02,0,0.11546825617551804,train
SR386_40X_HE_T070_01,0,0.04615088924765587,train
SR1482_40X_HE_T115_01,0,0.1951036900281906,train
SR1482_40X_HE_T350_01,0,0.026155509054660797,train
SR386_40X_HE_T131_01,0,0.08392689377069473,train
SR1482_40X_HE_T354_01,0,0.07584123313426971,train
SR386_40X_HE_T339_01,0,0.09983169287443161,train
SR386_40X_HE_T049_01,0,0.007654156535863876,train
SR386_40X_HE_T414_01,0,0.31701239943504333,train
SR386_40X_HE_T404_01,0,0.06116078794002533,train
SR386_40X_HE_T523_01,0,0.17888036370277405,train
SR386_40X_HE_T178_01,0,0.35008004307746887,train
SR386_40X_HE_T160_01,0,0.028033360838890076,train
SR1482_40X_HE_T148_01,0,0.1720292866230011,train
SR1482_40X_HE_T204_02,0,0.359043687582016,train
SR386_40X_HE_T571_01,0,0.06226547434926033,train
SR386_40X_HE_T256_01,0,0.025563789531588554,train
SR1482_40X_HE_T344_02,0,0.24489526450634003,train
SR1482_40X_HE_T428_01,0,0.2366662323474884,train
SR386_40X_HE_T208_01,0,0.1133122444152832,train
SR1482_40X_HE_T087_01,0,0.35650286078453064,train
SR1482_40X_HE_T203_02,0,0.1419108361005783,train
SR386_40X_HE_T541_01,0,0.03724471107125282,train
SR1482_40X_HE_T056_01,0,0.0726257711648941,train
SR1482_40X_HE_T098_02,0,0.18071527779102325,train
SR1482_40X_HE_T005_02,0,0.35770830512046814,train
SR1482_40X_HE_T333_02,0,0.382398396730423,train
SR1482_40X_HE_T065_02,0,0.055706676095724106,train
SR386_40X_HE_T558_01,0,0.05160270631313324,train
SR386_40X_HE_T471_01,0,0.0776837170124054,train
SR386_40X_HE_T233_01,0,0.29805025458335876,train
SR1482_40X_HE_T399_01,0,0.27283844351768494,train
SR1482_40X_HE_T011_01,0,0.019739873707294464,train
SR1482_40X_HE_T124_01,0,0.5275176167488098,train
SR386_40X_HE_T099_01,0,0.10412242263555527,train
SR386_40X_HE_T015_01,0,0.17442674934864044,train
SR1482_40X_HE_T288_01,0,0.0462472178041935,train
SR1482_40X_HE_T040_01,0,0.0037269953172653913,train
SR1482_40X_HE_T164_02,1,0.6465965509414673,train
SR1482_40X_HE_T044_02,0,0.13188999891281128,train
SR386_40X_HE_T291_01,0,0.017947029322385788,train
SR386_40X_HE_T083_01,0,0.07349131256341934,train
SR1482_40X_HE_T303_01,0,0.05257869139313698,train
SR386_40X_HE_T150_01,0,0.10231491923332214,train
SR1482_40X_HE_T421_01,0,0.7669336199760437,train
SR1482_40X_HE_T016_02,0,0.2528707683086395,train
SR386_40X_HE_T325_01,0,0.04393630474805832,train
SR386_40X_HE_T532_01,0,0.1040063425898552,train
SR386_40X_HE_T123_01,0,0.06049785390496254,train
SR1482_40X_HE_T104_02,0,0.46019744873046875,train
SR1482_40X_HE_T414_01,0,0.41392338275909424,train
SR1482_40X_HE_T289_01,1,0.6991012692451477,train
SR1482_40X_HE_T134_01,0,0.03978847339749336,train
SR1482_40X_HE_T137_02,0,0.004734370857477188,train
SR1482_40X_HE_T297_01,1,0.9597240090370178,train
SR1482_40X_HE_T432_01,0,0.07276767492294312,train
SR386_40X_HE_T145_01,0,0.18097136914730072,train
SR1482_40X_HE_T143_02,0,0.3835994601249695,train
SR1482_40X_HE_T136_01,1,0.8845369815826416,train
SR1482_40X_HE_T034_01,0,0.42818865180015564,train
SR386_40X_HE_T430_01,0,0.12453168630599976,train
SR386_40X_HE_T347_01,0,0.08481161296367645,train
SR1482_40X_HE_T074_02,0,0.11549559980630875,train
SR386_40X_HE_T135_01,0,0.38190335035324097,train
SR1482_40X_HE_T425_01,0,0.04332810640335083,train
SR386_40X_HE_T017_01,1,0.9159199595451355,train
SR1482_40X_HE_T300_01,0,0.33904632925987244,train
SR1482_40X_HE_T079_02,1,0.8904719352722168,train
SR1482_40X_HE_T249_01,0,0.1969311535358429,train
SR386_40X_HE_T113_01,0,0.10083257406949997,train
SR1482_40X_HE_T153_01,0,0.0075332787819206715,train
SR1482_40X_HE_T184_01,0,0.05941092595458031,train
SR386_40X_HE_T583_01,0,0.26427364349365234,train
SR1482_40X_HE_T095_02,0,0.05531754344701767,train
SR386_40X_HE_T387_01,0,0.07478126138448715,train
SR1482_40X_HE_T389_01,0,0.025041254237294197,train
SR386_40X_HE_T277_01,0,0.03888029605150223,train
SR1482_40X_HE_T384_01,1,0.5943090915679932,train
SR386_40X_HE_T147_01,0,0.02475236915051937,train
SR386_40X_HE_T431_01,0,0.25018781423568726,train
SR386_40X_HE_T239_01,0,0.29238447546958923,train
SR1482_40X_HE_T045_02,0,0.13461096584796906,train
SR386_40X_HE_T201_01,0,0.2217652052640915,train
SR1482_40X_HE_T080_01,0,0.15311434864997864,train
SR1482_40X_HE_T210_02,0,0.17082099616527557,train
SR1482_40X_HE_T374_02,0,0.39885634183883667,train
SR1482_40X_HE_T065_01,0,0.5454857349395752,train
SR1482_40X_HE_T296_01,0,0.2927396595478058,train
SR1482_40X_HE_T123_01,0,0.06727521866559982,train
SR1482_40X_HE_T320_02,0,0.16736528277397156,train
SR1482_40X_HE_T331_01,0,0.06436409056186676,train
SR1482_40X_HE_T396_02,0,0.12012264132499695,train
SR1482_40X_HE_T399_02,0,0.4352196455001831,train
SR386_40X_HE_T574_01,0,0.18177229166030884,train
SR386_40X_HE_T262_01,0,0.11119235306978226,train
SR1482_40X_HE_T052_02,0,0.32701611518859863,train
SR1482_40X_HE_T386_02,1,0.9611873626708984,train
SR1482_40X_HE_T378_01,0,0.20083099603652954,train
SR386_40X_HE_T265_01,0,0.22715707123279572,train
SR1482_40X_HE_T203_01,0,0.1942949742078781,train
SR1482_40X_HE_T150_01,0,0.0080995699390769,train
SR386_40X_HE_T484_01,0,0.7712199091911316,train
SR1482_40X_HE_T259_01,1,0.42834922671318054,train
SR1482_40X_HE_T106_01,0,0.014785449020564556,train
SR386_40X_HE_T439_01,0,0.09067065268754959,train
SR386_40X_HE_T195_01,0,0.01655721478164196,train
SR1482_40X_HE_T386_01,1,0.9582584500312805,train
SR386_40X_HE_T003_01,0,0.09258667379617691,train
SR1482_40X_HE_T147_02,0,0.9384638071060181,train
SR1482_40X_HE_T240_02,0,0.007193910423666239,train
SR386_40X_HE_T057_01,0,0.0315418541431427,train
SR386_40X_HE_T013_01,0,0.20422324538230896,train
SR386_40X_HE_T114_01,0,0.01814739592373371,train
SR1482_40X_HE_T016_01,0,0.20699989795684814,train
SR386_40X_HE_T269_01,0,0.3392032980918884,train
SR386_40X_HE_T507_01,0,0.06427735090255737,train
SR386_40X_HE_T537_01,0,0.17063216865062714,train
SR1482_40X_HE_T291_01,0,0.0038281537126749754,train
SR386_40X_HE_T350_01,0,0.044836774468421936,train
SR1482_40X_HE_T266_01,0,0.008530030958354473,train
SR1482_40X_HE_T274_02,1,0.9505234360694885,train
SR1482_40X_HE_T017_02,0,0.2529389560222626,train
SR386_40X_HE_T288_01,0,0.012813316658139229,train
SR1482_40X_HE_T111_01,0,0.016883574426174164,train
SR386_40X_HE_T578_01,0,0.017973801121115685,train
SR386_40X_HE_T130_01,0,0.01885933429002762,train
SR1482_40X_HE_T066_01,0,0.47140946984291077,train
SR1482_40X_HE_T070_01,1,0.8109372854232788,train
SR386_40X_HE_T184_01,0,0.4009781777858734,train
SR1482_40X_HE_T202_01,0,0.04988088458776474,train
SR1482_40X_HE_T026_01,0,0.03209386393427849,train
SR386_40X_HE_T511_01,0,0.1777586042881012,train
SR1482_40X_HE_T178_01,1,0.7740033864974976,train
SR386_40X_HE_T565_01,0,0.06796076148748398,train
SR1482_40X_HE_T375_02,0,0.15460166335105896,train
SR1482_40X_HE_T103_01,0,0.012812623754143715,train
SR386_40X_HE_T165_01,1,0.7508787512779236,train
SR1482_40X_HE_T277_01,0,0.6162916421890259,train
SR386_40X_HE_T428_01,0,0.31086811423301697,train
SR386_40X_HE_T551_01,0,0.04535501450300217,train
SR386_40X_HE_T438_01,0,0.11929050087928772,train
SR1482_40X_HE_T245_01,0,0.4635979235172272,train
SR386_40X_HE_T028_01,0,0.02294633723795414,train
SR386_40X_HE_T570_01,0,0.31629741191864014,train
SR386_40X_HE_T355_01,0,0.049534864723682404,train
SR386_40X_HE_T576_01,0,0.04372048377990723,train
SR1482_40X_HE_T365_01,0,0.1017138883471489,train
SR1482_40X_HE_T391_01,0,0.04264938086271286,train
SR386_40X_HE_T384_01,0,0.04914470389485359,train
SR386_40X_HE_T128_01,0,0.03489154577255249,train
SR1482_40X_HE_T090_01,0,0.037969861179590225,train
SR1482_40X_HE_T205_01,0,0.060009367763996124,train
SR386_40X_HE_T282_01,0,0.18883861601352692,train
SR386_40X_HE_T535_01,0,0.027373606339097023,train
SR386_40X_HE_T440_01,0,0.5183030962944031,train
SR1482_40X_HE_T136_02,1,0.8962997198104858,train
SR1482_40X_HE_T406_01,0,0.19056257605552673,train
SR386_40X_HE_T133_01,0,0.005202298052608967,train
SR1482_40X_HE_T079_01,1,0.8381836414337158,train
SR386_40X_HE_T374_01,0,0.0042684306390583515,train
SR386_40X_HE_T234_01,0,0.30553171038627625,train
SR1482_40X_HE_T086_02,0,0.06959376484155655,train
SR1482_40X_HE_T234_01,0,0.7623469233512878,train
SR386_40X_HE_T035_01,0,0.11449388414621353,train
SR1482_40X_HE_T043_01,0,0.017731597647070885,train
SR1482_40X_HE_T272_01,0,0.03095712885260582,train
SR1482_40X_HE_T076_01,0,0.0681760162115097,train
SR386_40X_HE_T180_01,0,0.19612783193588257,train
SR1482_40X_HE_T396_01,0,0.07958522439002991,train
SR1482_40X_HE_T194_01,0,0.5615481734275818,train
SR386_40X_HE_T580_01,0,0.010512997396290302,train
SR386_40X_HE_T007_01,0,0.09026604145765305,train
SR1482_40X_HE_T220_01,0,0.002612113254144788,train
SR1482_40X_HE_T164_01,1,0.8491921424865723,train
SR1482_40X_HE_T101_01,0,0.010654501616954803,train
SR1482_40X_HE_T212_01,0,0.31932708621025085,train
SR386_40X_HE_T520_01,1,0.8593191504478455,train
SR1482_40X_HE_T426_01,0,0.09085579961538315,train
SR386_40X_HE_T362_01,0,0.0578581765294075,train
SR386_40X_HE_T364_01,0,0.36978375911712646,train
SR1482_40X_HE_T143_01,0,0.5714274048805237,train
SR1482_40X_HE_T380_01,0,0.01620493270456791,train
SR1482_40X_HE_T382_01,0,0.20035363733768463,train
SR386_40X_HE_T563_01,0,0.015763262286782265,train
SR386_40X_HE_T157_01,0,0.13574963808059692,train
SR1482_40X_HE_T337_01,0,0.017312804237008095,train
SR1482_40X_HE_T112_01,0,0.007073812186717987,train
SR1482_40X_HE_T190_01,0,0.15734152495861053,train
SR1482_40X_HE_T009_02,0,0.07603912055492401,train
SR1482_40X_HE_T369_01,0,0.17800909280776978,train
SR1482_40X_HE_T039_01,0,0.012665851041674614,train
SR386_40X_HE_T536_01,0,0.03175817430019379,train
SR1482_40X_HE_T071_01,0,0.04558704048395157,train
SR1482_40X_HE_T188_01,0,0.11913947016000748,train
SR386_40X_HE_T168_01,1,0.8877825140953064,train
SR1482_40X_HE_T410_01,0,0.012763879261910915,train
SR1482_40X_HE_T230_01,0,0.2310357391834259,train
SR1482_40X_HE_T049_01,0,0.05913173779845238,train
SR1482_40X_HE_T218_01,0,0.0046223122626543045,train
SR1482_40X_HE_T084_01,0,0.13658872246742249,train
SR1482_40X_HE_T046_01,0,0.32934650778770447,train
SR386_40X_HE_T450_01,0,0.06228543072938919,train
SR386_40X_HE_T092_01,1,0.9156893491744995,train
SR386_40X_HE_T062_01,0,0.10659272968769073,train
SR386_40X_HE_T122_01,0,0.008965015411376953,train
SR386_40X_HE_T298_01,0,0.27518558502197266,train
SR386_40X_HE_T202_01,0,0.046697940677404404,train
SR386_40X_HE_T553_01,0,0.29854705929756165,train
SR386_40X_HE_T413_01,0,0.07062114775180817,train
SR1482_40X_HE_T408_01,0,0.5145482420921326,train
SR1482_40X_HE_T367_01,0,0.2162330448627472,train
SR1482_40X_HE_T025_01,0,0.2391568422317505,train
SR1482_40X_HE_T171_01,0,0.3781168460845947,train
SR386_40X_HE_T327_01,0,0.01192642841488123,train
SR1482_40X_HE_T055_01,0,0.05732354894280434,train
SR1482_40X_HE_T430_01,0,0.2270016223192215,train
SR386_40X_HE_T211_01,0,0.10529425740242004,train
SR1482_40X_HE_T020_01,1,0.7524327039718628,train
SR386_40X_HE_T299_01,0,0.11229005455970764,train
SR386_40X_HE_T175_01,0,0.007759210653603077,train
SR386_40X_HE_T552_01,0,0.01943848840892315,train
SR386_40X_HE_T275_01,0,0.25166139006614685,train
SR386_40X_HE_T110_01,0,0.7770212292671204,train
SR1482_40X_HE_T138_01,0,0.01255959551781416,train
SR1482_40X_HE_T216_01,0,0.007490320131182671,train
SR386_40X_HE_T047_01,0,0.0026364419609308243,train
SR386_40X_HE_T514_01,0,0.19419287145137787,train
SR386_40X_HE_T016_01,0,0.03772587701678276,train
SR386_40X_HE_T038_01,0,0.047632280737161636,train
SR1482_40X_HE_T243_01,0,0.1162555143237114,train
SR386_40X_HE_T308_01,0,0.013471824117004871,train
SR386_40X_HE_T500_01,0,0.027625959366559982,train
SR1482_40X_HE_T307_01,0,0.7017247676849365,train
SR1482_40X_HE_T415_02,1,0.9531962275505066,train
SR1482_40X_HE_T122_01,0,0.006987329572439194,train
SR1482_40X_HE_T388_01,0,0.01634860597550869,train
SR1482_40X_HE_T060_01,0,0.12112097442150116,train
SR386_40X_HE_T468_01,0,0.043259624391794205,train
SR1482_40X_HE_T284_02,1,0.8676277995109558,train
SR1482_40X_HE_T260_02,0,0.16068916022777557,train
SR1482_40X_HE_T343_02,1,0.9009350538253784,train
SR1482_40X_HE_T154_01,0,0.02349119447171688,train
SR1482_40X_HE_T193_01,0,0.07051048427820206,train
SR386_40X_HE_T531_01,0,0.035002995282411575,train
SR386_40X_HE_T575_01,0,0.1628168821334839,train
SR1482_40X_HE_T114_01,0,0.019010230898857117,train
SR1482_40X_HE_T100_01,0,0.23047034442424774,train
SR1482_40X_HE_T209_01,0,0.15629832446575165,train
SR1482_40X_HE_T363_01,0,0.09336177259683609,train
SR1482_40X_HE_T373_01,1,0.8140159249305725,train
SR1482_40X_HE_T131_01,0,0.5800547003746033,train
SR1482_40X_HE_T333_01,0,0.10350021719932556,train
SR1482_40X_HE_T044_01,0,0.07522657513618469,train
SR386_40X_HE_T351_01,0,0.351424902677536,train
SR1482_40X_HE_T100_02,0,0.3356953561306,train
SR1482_40X_HE_T204_01,0,0.18386270105838776,train
SR386_40X_HE_T504_01,0,0.1756967157125473,train
SR386_40X_HE_T435_01,0,0.28220123052597046,train
SR1482_40X_HE_T232_01,0,0.011191478930413723,train
SR386_40X_HE_T100_01,0,0.005254490301012993,train
SR1482_40X_HE_T035_01,0,0.15547920763492584,train
SR1482_40X_HE_T285_01,0,0.11349520087242126,train
SR1482_40X_HE_T210_01,0,0.3189380466938019,train
SR1482_40X_HE_T392_01,0,0.4444205164909363,train
SR1482_40X_HE_T277_02,0,0.7206340432167053,train
SR1482_40X_HE_T160_01,0,0.05637479946017265,train
SR1482_40X_HE_T372_02,1,0.8579484224319458,train
SR386_40X_HE_T391_01,0,0.26977068185806274,train
SR1482_40X_HE_T084_02,0,0.018940351903438568,train
SR386_40X_HE_T066_01,0,0.26235446333885193,train
SR386_40X_HE_T105_01,0,0.03761974349617958,train
SR386_40X_HE_T522_01,0,0.14230455458164215,train
SR1482_40X_HE_T179_01,1,0.757740318775177,train
SR1482_40X_HE_T022_01,0,0.012745500542223454,train
SR1482_40X_HE_T085_01,0,0.012835163623094559,train
SR386_40X_HE_T104_01,0,0.26931318640708923,train
SR1482_40X_HE_T261_01,0,0.010312085971236229,train
SR1482_40X_HE_T250_01,0,0.15538275241851807,train
SR1482_40X_HE_T053_01,0,0.04091498255729675,train
SR386_40X_HE_T381_01,0,0.04312986508011818,train
SR1482_40X_HE_T040_02,0,0.034998830407857895,train
SR386_40X_HE_T443_01,0,0.3273675739765167,train
SR1482_40X_HE_T077_01,1,0.8844261765480042,train
SR386_40X_HE_T176_01,1,0.8220717906951904,train
SR1482_40X_HE_T198_01,0,0.009097880683839321,train
SR1482_40X_HE_T327_01,0,0.4114700257778168,train
SR1482_40X_HE_T248_02,0,0.09541469067335129,train
SR1482_40X_HE_T320_01,0,0.06359533965587616,train
SR386_40X_HE_T528_01,0,0.3509306311607361,train
SR1482_40X_HE_T115_02,0,0.0451323427259922,train
SR386_40X_HE_T174_01,0,0.2046964466571808,train
SR1482_40X_HE_T064_01,0,0.37422823905944824,train
SR386_40X_HE_T539_01,0,0.1521792709827423,train
SR386_40X_HE_T108_01,0,0.33214497566223145,train
SR386_40X_HE_T456_01,0,0.10587383061647415,train
SR386_40X_HE_T148_01,0,0.054511163383722305,train
SR1482_40X_HE_T101_02,0,0.09422528743743896,train
SR386_40X_HE_T096_01,0,0.08508681505918503,train
SR386_40X_HE_T241_01,0,0.2697204053401947,train
SR386_40X_HE_T309_01,0,0.0660298690199852,train
SR1482_40X_HE_T074_01,0,0.3075931966304779,train
SR1482_40X_HE_T067_01,0,0.028881633654236794,train
SR386_40X_HE_T569_01,0,0.6746625304222107,train
SR1482_40X_HE_T224_02,1,0.882882833480835,train
SR1482_40X_HE_T248_01,0,0.31052958965301514,train
SR386_40X_HE_T200_01,0,0.24535749852657318,train
SR386_40X_HE_T474_01,0,0.332302451133728,train
SR386_40X_HE_T567_01,0,0.020009232684969902,train
SR386_40X_HE_T554_01,0,0.3509646952152252,train
SR1482_40X_HE_T387_01,0,0.10277970135211945,train
SR1482_40X_HE_T227_01,1,0.8958050012588501,train
SR1482_40X_HE_T224_01,1,0.9118272066116333,train
SR386_40X_HE_T357_01,0,0.004799726884812117,train
SR386_40X_HE_T332_01,1,0.888493001461029,train
SR386_40X_HE_T459_01,0,0.1665019541978836,train
SR1482_40X_HE_T274_01,1,0.799087405204773,train
SR1482_40X_HE_T076_02,0,0.17346398532390594,train
SR386_40X_HE_T516_01,0,0.2907602787017822,train
SR386_40X_HE_T326_01,0,0.06815382093191147,train
SR386_40X_HE_T106_01,0,0.1512107402086258,train
SR1482_40X_HE_T282_01,0,0.06875180453062057,train
SR1482_40X_HE_T038_01,0,0.16342754662036896,train
SR1482_40X_HE_T244_01,0,0.0410350002348423,train
SR386_40X_HE_T343_01,1,0.8528360724449158,train
SR1482_40X_HE_T209_02,0,0.21317794919013977,train
SR386_40X_HE_T425_01,0,0.03335575386881828,train
SR386_40X_HE_T060_01,0,0.11696363985538483,train
SR386_40X_HE_T316_01,0,0.3504267930984497,train
SR1482_40X_HE_T227_02,1,0.8328198790550232,train
SR386_40X_HE_T078_01,0,0.005694210529327393,train
SR386_40X_HE_T361_01,0,0.11217916011810303,train
SR386_40X_HE_T398_01,0,0.14681978523731232,train
SR386_40X_HE_T336_01,0,0.17617805302143097,train
SR1482_40X_HE_T258_02,0,0.008925735019147396,train
SR1482_40X_HE_T055_02,0,0.034633390605449677,train
SR1482_40X_HE_T176_01,1,0.8744295239448547,train
SR386_40X_HE_T518_01,0,0.006049285642802715,train
SR386_40X_HE_T164_01,0,0.22164155542850494,train
SR386_40X_HE_T423_01,0,0.04183298721909523,train
SR1482_40X_HE_T004_02,0,0.03575132414698601,train
SR386_40X_HE_T247_01,0,0.03585570678114891,train
SR386_40X_HE_T335_01,0,0.07037704437971115,train
SR386_40X_HE_T188_01,0,0.04185996204614639,train
SR386_40X_HE_T321_01,0,0.037521298974752426,train
SR1482_40X_HE_T331_02,0,0.04626210033893585,train
SR1482_40X_HE_T193_02,0,0.5678075551986694,train
SR386_40X_HE_T483_01,0,0.17149746417999268,train
SR386_40X_HE_T311_01,0,0.038632337003946304,train
SR386_40X_HE_T084_01,0,0.06671621650457382,train
SR1482_40X_HE_T179_02,1,0.8388466238975525,train
SR386_40X_HE_T331_01,0,0.048627641052007675,train
SR386_40X_HE_T006_01,0,0.1416296660900116,train
SR1482_40X_HE_T126_01,0,0.24120250344276428,train
SR386_40X_HE_T052_01,0,0.036474354565143585,train
SR1482_40X_HE_T053_02,0,0.22036513686180115,train
SR1482_40X_HE_T405_01,0,0.11688163131475449,train
SR1482_40X_HE_T416_01,0,0.03640902042388916,train
SR1482_40X_HE_T365_02,0,0.09432901442050934,train
SR1482_40X_HE_T397_02,0,0.590960681438446,train
SR386_40X_HE_T081_01,0,0.23675760626792908,train
SR386_40X_HE_T264_01,0,0.2966575026512146,train
SR386_40X_HE_T452_01,0,0.16978511214256287,train
SR1482_40X_HE_T099_01,0,0.008405685424804688,train
SR1482_40X_HE_T045_01,0,0.06229744479060173,train
SR386_40X_HE_T421_01,0,0.03125676512718201,train
SR1482_40X_HE_T200_01,0,0.03080962412059307,train
SR1482_40X_HE_T172_01,0,0.2513224184513092,train
SR1482_40X_HE_T072_01,0,0.12307894229888916,train
SR386_40X_HE_T437_01,0,0.08861988037824631,train
SR1482_40X_HE_T377_01,0,0.3647904694080353,train
SR386_40X_HE_T285_01,0,0.057547859847545624,train
SR386_40X_HE_T557_01,0,0.07257438451051712,train
SR386_40X_HE_T318_01,0,0.17114052176475525,train
SR386_40X_HE_T109_01,1,0.5862548351287842,train
SR386_40X_HE_T249_01,0,0.023183492943644524,train
SR1482_40X_HE_T173_02,0,0.059818051755428314,train
SR386_40X_HE_T473_01,0,0.08441556990146637,train
SR1482_40X_HE_T229_01,0,0.7074875831604004,train
SR1482_40X_HE_T366_01,0,0.22049154341220856,train
SR386_40X_HE_T447_01,0,0.09770988672971725,train
SR386_40X_HE_T556_01,1,0.7365865111351013,train
SR386_40X_HE_T232_01,0,0.09637939184904099,train
SR1482_40X_HE_T113_01,0,0.044387850910425186,train
SR386_40X_HE_T087_01,0,0.1355665922164917,train
SR1482_40X_HE_T172_02,0,0.05673704296350479,train
SR386_40X_HE_T392_01,0,0.27614688873291016,train
SR1482_40X_HE_T202_02,0,0.07318153232336044,train
SR1482_40X_HE_T263_01,0,0.03148610144853592,train
SR1482_40X_HE_T426_02,0,0.11778755486011505,train
SR386_40X_HE_T482_01,0,0.24600060284137726,train
SR386_40X_HE_T293_01,0,0.3359377384185791,train
SR1482_40X_HE_T195_01,0,0.1685381382703781,train
SR1482_40X_HE_T110_01,0,0.021469954401254654,train
SR386_40X_HE_T549_01,0,0.012783783487975597,train
SR386_40X_HE_T080_01,0,0.12655997276306152,train
SR1482_40X_HE_T097_02,1,0.9054384827613831,train
SR1482_40X_HE_T269_01,0,0.6714926958084106,train
SR1482_40X_HE_T364_01,0,0.14452730119228363,train
SR386_40X_HE_T126_01,0,0.009889641776680946,train
SR386_40X_HE_T004_01,0,0.15308840572834015,train
SR386_40X_HE_T568_01,0,0.16432033479213715,train
SR386_40X_HE_T481_01,0,0.07196421921253204,train
SR386_40X_HE_T544_01,0,0.24941207468509674,train
SR386_40X_HE_T192_01,0,0.09224192798137665,train
SR1482_40X_HE_T406_02,0,0.09234993159770966,train
SR1482_40X_HE_T180_02,1,0.7371118664741516,train
SR386_40X_HE_T319_01,1,0.7021015882492065,train
SR386_40X_HE_T300_01,0,0.16137373447418213,train
SR1482_40X_HE_T347_01,0,0.006022400222718716,train
SR386_40X_HE_T237_01,0,0.07463473826646805,train
SR1482_40X_HE_T415_01,1,0.7567267417907715,train
SR386_40X_HE_T103_01,0,0.00254168757237494,train
SR1482_40X_HE_T273_01,0,0.10594067722558975,train
SR386_40X_HE_T582_01,0,0.0464240126311779,train
SR1482_40X_HE_T182_01,0,0.0022567175328731537,train
SR1482_40X_HE_T148_02,0,0.6776419878005981,train
SR386_40X_HE_T493_01,0,0.01656714640557766,train
SR1482_40X_HE_T043_02,0,0.010757090523838997,train
SR1482_40X_HE_T398_02,0,0.029006456956267357,train
SR1482_40X_HE_T307_02,0,0.05988137051463127,train
SR386_40X_HE_T448_01,0,0.4031982123851776,train
SR1482_40X_HE_T180_01,1,0.808633029460907,train
SR1482_40X_HE_T390_01,0,0.0026946316938847303,train
SR386_40X_HE_T521_01,0,0.012832799926400185,train
SR386_40X_HE_T353_01,0,0.07492133229970932,train
SR386_40X_HE_T415_01,0,0.013841013424098492,train
SR386_40X_HE_T454_01,0,0.015220452100038528,train
SR1482_40X_HE_T030_01,0,0.034490227699279785,train
SR1482_40X_HE_T431_01,0,0.01725326105952263,train
SR386_40X_HE_T489_01,1,0.7238353490829468,train
SR1482_40X_HE_T279_02,0,0.6396805047988892,val
SR386_40X_HE_T248_01,0,0.005690799094736576,val
SR386_40X_HE_T290_01,0,0.23840326070785522,val
SR1482_40X_HE_T041_01,0,0.05032787472009659,val
SR386_40X_HE_T042_01,0,0.08779148757457733,val
SR1482_40X_HE_T255_01,0,0.002882101573050022,val
SR1482_40X_HE_T403_01,0,0.15721163153648376,val
SR1482_40X_HE_T236_01,0,0.03040369041264057,val
SR1482_40X_HE_T120_02,0,0.7161893844604492,val
SR386_40X_HE_T046_01,0,0.013624405488371849,val
SR386_40X_HE_T140_01,0,0.008325646631419659,val
SR386_40X_HE_T341_01,0,0.11902859807014465,val
SR386_40X_HE_T037_01,0,0.0013474681181833148,val
SR1482_40X_HE_T221_02,0,0.056525904685258865,val
SR386_40X_HE_T417_01,0,0.0015149018727242947,val
SR1482_40X_HE_T120_01,0,0.03649868443608284,val
SR386_40X_HE_T429_01,0,0.003448416944593191,val
SR1482_40X_HE_T281_01,0,0.07104312628507614,val
SR1482_40X_HE_T246_01,0,0.04701627418398857,val
SR1482_40X_HE_T082_01,0,0.41479119658470154,val
SR1482_40X_HE_T221_01,0,0.006290021818131208,val
SR1482_40X_HE_T125_01,0,0.21900787949562073,val
SR1482_40X_HE_T302_01,0,0.3051707148551941,val
SR1482_40X_HE_T167_02,0,0.11973726749420166,val
SR386_40X_HE_T271_01,0,0.019396111369132996,val
SR1482_40X_HE_T417_02,0,0.10153834521770477,val
SR1482_40X_HE_T301_02,1,0.058307163417339325,val
SR1482_40X_HE_T314_01,0,0.7630366086959839,val
SR1482_40X_HE_T393_01,0,0.1023540124297142,val
SR1482_40X_HE_T381_02,0,0.004224197939038277,val
SR386_40X_HE_T019_01,0,0.05138542503118515,val
SR1482_40X_HE_T199_01,0,0.4509282410144806,val
SR386_40X_HE_T214_01,0,0.07697498053312302,val
SR1482_40X_HE_T370_01,0,0.012617556378245354,val
SR1482_40X_HE_T196_01,0,0.3799510598182678,val
SR1482_40X_HE_T166_01,1,0.24113748967647552,val
SR386_40X_HE_T034_01,0,0.010742456652224064,val
SR386_40X_HE_T314_01,0,0.13973811268806458,val
SR1482_40X_HE_T352_01,0,0.07043968141078949,val
SR1482_40X_HE_T265_01,0,0.020542899146676064,val
SR1482_40X_HE_T081_02,0,0.0748760849237442,val
SR1482_40X_HE_T381_01,0,0.027246251702308655,val
SR1482_40X_HE_T385_01,0,0.06389866024255753,val
SR1482_40X_HE_T036_02,0,0.2899819612503052,val
SR386_40X_HE_T472_01,0,0.00617963308468461,val
SR1482_40X_HE_T393_02,0,0.39509835839271545,val
SR1482_40X_HE_T262_01,0,0.06837967038154602,val
SR1482_40X_HE_T355_01,0,0.017430337145924568,val
SR1482_40X_HE_T107_01,1,0.4480789601802826,val
SR1482_40X_HE_T167_01,0,0.03280855715274811,val
SR1482_40X_HE_T407_01,0,0.9080101251602173,val
SR386_40X_HE_T197_01,0,0.3042115569114685,val
SR386_40X_HE_T426_01,0,0.007275278680026531,val
SR386_40X_HE_T396_01,0,0.2447209656238556,val
SR1482_40X_HE_T254_01,0,0.00123834318947047,val
SR1482_40X_HE_T036_01,0,0.2858688235282898,val
SR1482_40X_HE_T253_01,0,0.03381102532148361,val
SR1482_40X_HE_T310_01,1,0.7048565745353699,val
SR1482_40X_HE_T361_01,0,0.037029460072517395,val
SR386_40X_HE_T346_01,0,0.14308589696884155,val
SR386_40X_HE_T524_01,0,0.07110756635665894,val
SR1482_40X_HE_T322_02,0,0.052579365670681,val
SR386_40X_HE_T455_01,0,0.006042173132300377,val
SR386_40X_HE_T408_01,0,0.017308536916971207,val
SR1482_40X_HE_T336_02,0,0.14280906319618225,val
SR1482_40X_HE_T411_01,0,0.5318541526794434,val
SR1482_40X_HE_T310_02,1,0.7765302062034607,val
SR1482_40X_HE_T140_01,0,0.08876028656959534,val
SR1482_40X_HE_T162_01,0,0.08414311707019806,val
SR386_40X_HE_T079_01,0,0.00495791994035244,val
SR1482_40X_HE_T417_01,0,0.06451013684272766,val
SR386_40X_HE_T094_01,0,0.0043551078997552395,val
SR386_40X_HE_T305_01,0,0.004624517634510994,val
SR1482_40X_HE_T340_01,0,0.029114261269569397,val
SR386_40X_HE_T519_01,0,0.08059379458427429,val
SR1482_40X_HE_T313_02,0,0.15216442942619324,val
SR386_40X_HE_T445_01,0,0.07063313573598862,val
SR1482_40X_HE_T242_01,0,0.13511039316654205,val
SR1482_40X_HE_T236_02,0,0.061889369040727615,val
SR386_40X_HE_T220_01,0,0.3382812440395355,val
SR386_40X_HE_T581_01,0,0.001958328764885664,val
SR1482_40X_HE_T018_01,0,0.03712494298815727,val
SR1482_40X_HE_T014_01,0,0.07043000310659409,val
SR386_40X_HE_T230_01,1,0.5531096458435059,val
SR1482_40X_HE_T174_01,1,0.7295921444892883,val
SR386_40X_HE_T389_01,0,0.019069286063313484,val
SR386_40X_HE_T344_01,0,0.07125728577375412,val
SR386_40X_HE_T433_01,0,0.29665428400039673,val
SR386_40X_HE_T378_01,0,0.006551472004503012,val
SR386_40X_HE_T074_01,0,0.03830850496888161,val
SR1482_40X_HE_T279_01,0,0.5557417273521423,val
SR1482_40X_HE_T318_01,0,0.316675066947937,val
SR386_40X_HE_T036_01,0,0.0030213859863579273,val
SR386_40X_HE_T056_01,0,0.009768813848495483,val
SR1482_40X_HE_T271_01,0,0.06368763744831085,val
SR386_40X_HE_T476_01,0,0.11408469080924988,val
SR386_40X_HE_T510_01,0,0.14731143414974213,val
SR386_40X_HE_T088_01,0,0.033233027905225754,val
SR1482_40X_HE_T081_01,0,0.035422615706920624,val
SR386_40X_HE_T166_01,0,0.05460793897509575,val
SR1482_40X_HE_T242_02,0,0.0294016283005476,val
SR1482_40X_HE_T133_02,0,0.681828498840332,val
SR1482_40X_HE_T294_01,0,0.006218065042048693,val
SR1482_40X_HE_T211_01,0,0.9312040209770203,val
SR386_40X_HE_T179_01,0,0.6915337443351746,val
SR386_40X_HE_T065_01,1,0.5244864821434021,val
SR1482_40X_HE_T089_01,0,0.03275459632277489,val
SR386_40X_HE_T542_01,0,0.0049756718799471855,val
SR386_40X_HE_T409_01,0,0.04211348667740822,val
SR1482_40X_HE_T301_01,1,0.12935121357440948,val
SR1482_40X_HE_T185_01,0,0.013905856758356094,val
SR1482_40X_HE_T196_02,0,0.34821632504463196,val
SR1482_40X_HE_T424_01,0,0.04269900545477867,val
SR1482_40X_HE_T125_02,0,0.12063688039779663,val
SR386_40X_HE_T244_01,0,0.02690308913588524,val
SR1482_40X_HE_T268_02,1,0.9382252097129822,val
SR1482_40X_HE_T133_01,0,0.7037950754165649,val
SR1482_40X_HE_T174_02,1,0.8682928085327148,val
SR386_40X_HE_T488_01,0,0.2397538125514984,val
SR386_40X_HE_T022_01,1,0.769385814666748,val
SR386_40X_HE_T268_01,0,0.037191469222307205,val
SR386_40X_HE_T221_01,0,0.0777035728096962,val
SR1482_40X_HE_T082_02,0,0.6316403150558472,val
SR1482_40X_HE_T403_02,0,0.008987067267298698,val
SR1482_40X_HE_T233_01,0,0.006587489973753691,val
SR1482_40X_HE_T247_01,0,0.8633720874786377,val
SR386_40X_HE_T333_01,0,0.06722435355186462,val
SR1482_40X_HE_T322_01,0,0.010824252851307392,val
SR386_40X_HE_T422_01,0,0.005321391858160496,val
SR386_40X_HE_T377_01,1,0.691392183303833,val
SR386_40X_HE_T548_01,1,0.48970410227775574,val
SR386_40X_HE_T276_01,0,0.27048805356025696,val
SR1482_40X_HE_T379_01,1,0.7547283172607422,val
SR386_40X_HE_T366_01,0,0.010103893466293812,val
SR1482_40X_HE_T336_01,0,0.20874081552028656,val
SR386_40X_HE_T360_01,0,0.0008181967423297465,val
SR1482_40X_HE_T201_01,0,0.03788383677601814,val
SR1482_40X_HE_T051_01,0,0.02206060290336609,val
SR386_40X_HE_T499_01,0,0.02024749480187893,val
SR1482_40X_HE_T357_01,0,0.018912572413682938,val
SR1482_40X_HE_T326_01,0,0.015797916799783707,val
SR386_40X_HE_T480_01,0,0.21324244141578674,val
SR1482_40X_HE_T313_01,0,0.033220887184143066,val
SR1482_40X_HE_T314_02,0,0.9698792695999146,val
SR1482_40X_HE_T140_02,0,0.17023296654224396,val
SR386_40X_HE_T403_01,0,0.004990765824913979,val
SR1482_40X_HE_T010_01,0,0.02400626800954342,val
SR386_40X_HE_T273_01,0,0.16587327420711517,val
SR1482_40X_HE_T268_01,1,0.9332479238510132,val
SR386_40X_HE_T206_01,1,0.045532964169979095,test
SR386_40X_HE_T129_01,0,0.0028077024035155773,test
SR386_40X_HE_T091_01,0,0.06541306525468826,test
SR386_40X_HE_T117_01,0,0.1676359921693802,test
SR386_40X_HE_T399_01,0,0.04847339913249016,test
SR1482_40X_HE_T315_02,0,0.034103378653526306,test
SR1482_40X_HE_T345_02,0,0.31220942735671997,test
SR1482_40X_HE_T292_01,1,0.8060633540153503,test
SR1482_40X_HE_T295_01,0,0.1667834371328354,test
SR386_40X_HE_T517_01,0,0.47856035828590393,test
SR386_40X_HE_T033_01,0,0.09787394106388092,test
SR1482_40X_HE_T117_02,0,0.03020036779344082,test
SR1482_40X_HE_T383_01,0,0.017396600916981697,test
SR386_40X_HE_T407_01,0,0.01958584226667881,test
SR386_40X_HE_T044_01,1,0.5039616227149963,test
SR1482_40X_HE_T222_02,0,0.047530125826597214,test
SR386_40X_HE_T144_01,0,0.3830682635307312,test
SR1482_40X_HE_T161_01,0,0.3070966601371765,test
SR1482_40X_HE_T283_01,0,0.006477468181401491,test
SR1482_40X_HE_T323_01,0,0.10360518842935562,test
SR1482_40X_HE_T290_01,0,0.1642070710659027,test
SR1482_40X_HE_T304_01,0,0.12394968420267105,test
SR1482_40X_HE_T073_01,0,0.06426142901182175,test
SR386_40X_HE_T494_01,0,0.02258073166012764,test
SR386_40X_HE_T297_01,0,0.08278602361679077,test
SR386_40X_HE_T227_01,0,0.009180858731269836,test
SR386_40X_HE_T231_01,1,0.8656937479972839,test
SR1482_40X_HE_T161_02,0,0.5745153427124023,test
SR1482_40X_HE_T349_01,0,0.8329511880874634,test
SR386_40X_HE_T240_01,0,0.2137688547372818,test
SR1482_40X_HE_T128_01,0,0.03865385800600052,test
SR1482_40X_HE_T021_01,0,0.05088659003376961,test
SR1482_40X_HE_T037_01,0,0.5776834487915039,test
SR1482_40X_HE_T135_01,0,0.018477043136954308,test
SR1482_40X_HE_T175_01,0,0.5320367813110352,test
SR1482_40X_HE_T096_01,1,0.727425754070282,test
SR386_40X_HE_T170_01,1,0.7767288088798523,test
SR1482_40X_HE_T360_01,0,0.13111940026283264,test
SR1482_40X_HE_T324_02,0,0.005529770627617836,test
SR386_40X_HE_T051_01,0,0.018627505749464035,test
SR386_40X_HE_T119_01,0,0.0804349035024643,test
SR1482_40X_HE_T311_01,1,0.4577014744281769,test
SR1482_40X_HE_T286_02,0,0.0054998877458274364,test
SR386_40X_HE_T436_01,1,0.1184648796916008,test
SR1482_40X_HE_T170_02,0,0.08282492309808731,test
SR386_40X_HE_T138_01,0,0.09774579107761383,test
SR1482_40X_HE_T213_02,0,0.21156157553195953,test
SR1482_40X_HE_T008_01,0,0.3258950412273407,test
SR386_40X_HE_T235_01,0,0.01927012950181961,test
SR1482_40X_HE_T003_01,0,0.0015461420407518744,test
SR386_40X_HE_T306_01,0,0.011485832743346691,test
SR1482_40X_HE_T075_01,0,0.10245823115110397,test
SR1482_40X_HE_T128_02,0,0.014892276376485825,test
SR1482_40X_HE_T345_01,0,0.22504566609859467,test
SR1482_40X_HE_T286_01,0,0.008074970915913582,test
SR1482_40X_HE_T102_01,0,0.41705116629600525,test
SR1482_40X_HE_T267_01,0,0.0007222579442895949,test
SR386_40X_HE_T294_01,0,0.5676863193511963,test
SR386_40X_HE_T410_01,0,0.09011825174093246,test
SR1482_40X_HE_T170_01,0,0.0718914344906807,test
SR386_40X_HE_T274_01,0,0.016698917374014854,test
SR386_40X_HE_T402_01,1,0.5585971474647522,test
SR386_40X_HE_T329_01,0,0.18589282035827637,test
SR1482_40X_HE_T346_01,0,0.03538143262267113,test
SR1482_40X_HE_T429_02,0,0.03829643130302429,test
SR386_40X_HE_T505_01,0,0.3083637058734894,test
SR386_40X_HE_T529_01,0,0.011605493724346161,test
SR1482_40X_HE_T027_01,0,0.029960012063384056,test
SR1482_40X_HE_T295_02,0,0.11506779491901398,test
SR1482_40X_HE_T215_02,0,0.07886243611574173,test
SR386_40X_HE_T069_01,0,0.0699133425951004,test
SR386_40X_HE_T043_01,0,0.016814064234495163,test
SR386_40X_HE_T453_01,0,0.030422819778323174,test
SR1482_40X_HE_T191_01,0,0.10367695987224579,test
SR386_40X_HE_T324_01,1,0.7859852910041809,test
SR1482_40X_HE_T223_01,0,0.03691898286342621,test
SR1482_40X_HE_T083_02,0,0.029818886891007423,test
SR1482_40X_HE_T013_01,0,0.022935232147574425,test
SR1482_40X_HE_T061_01,0,0.7799314260482788,test
SR386_40X_HE_T330_01,0,0.014835928566753864,test
SR1482_40X_HE_T048_01,0,0.017425836995244026,test
SR386_40X_HE_T172_01,0,0.6240432858467102,test
SR386_40X_HE_T502_01,0,0.012997022829949856,test
SR386_40X_HE_T097_01,0,0.0012965821661055088,test
SR386_40X_HE_T462_01,0,0.023416683077812195,test
SR1482_40X_HE_T108_01,0,0.010688457638025284,test
SR386_40X_HE_T209_01,0,0.08323528617620468,test
SR1482_40X_HE_T139_01,0,0.3223877549171448,test
SR386_40X_HE_T490_01,0,0.005868203472346067,test
SR386_40X_HE_T112_01,0,0.003369653597474098,test
SR1482_40X_HE_T332_01,0,0.11676155775785446,test
SR1482_40X_HE_T353_01,0,0.002394456183537841,test
SR1482_40X_HE_T339_01,0,0.23620739579200745,test
SR1482_40X_HE_T335_01,0,0.12185115367174149,test
SR386_40X_HE_T373_01,0,0.2244366705417633,test
SR386_40X_HE_T572_01,0,0.5416604280471802,test
SR1482_40X_HE_T311_02,1,0.8690733313560486,test
SR1482_40X_HE_T325_02,0,0.5019474625587463,test
SR386_40X_HE_T405_01,0,0.011767124757170677,test
SR386_40X_HE_T284_01,0,0.04524334520101547,test
SR1482_40X_HE_T075_02,0,0.19269020855426788,test
SR1482_40X_HE_T062_01,0,0.6153764724731445,test
SR386_40X_HE_T479_01,0,0.012163969688117504,test
SR1482_40X_HE_T401_01,1,0.15334190428256989,test
SR386_40X_HE_T461_01,0,0.2177228331565857,test
SR386_40X_HE_T263_01,0,0.05452419072389603,test
SR386_40X_HE_T067_01,0,0.006284670904278755,test
SR386_40X_HE_T379_01,0,0.00876156147569418,test
SR386_40X_HE_T287_01,0,0.456810861825943,test
SR386_40X_HE_T177_01,0,0.1470533013343811,test
SR1482_40X_HE_T069_01,0,0.0018608768004924059,test
SR1482_40X_HE_T324_01,0,0.0168769434094429,test
SR1482_40X_HE_T165_01,0,0.04009329155087471,test
SR1482_40X_HE_T015_01,0,0.1792597621679306,test
SR386_40X_HE_T419_01,0,0.029562683776021004,test
SR386_40X_HE_T475_01,0,0.0015728538855910301,test
SR1482_40X_HE_T037_02,0,0.3316318988800049,test
SR386_40X_HE_T495_01,0,0.0011836534831672907,test
SR1482_40X_HE_T427_02,0,0.05902509018778801,test
SR1482_40X_HE_T069_02,0,0.010559248737990856,test
SR386_40X_HE_T242_01,0,0.02756432443857193,test
SR1482_40X_HE_T217_01,0,0.03553371503949165,test
SR1482_40X_HE_T175_02,0,0.8683958053588867,test
SR1482_40X_HE_T429_01,0,0.03173933923244476,test
SR1482_40X_HE_T315_01,0,0.8671420216560364,test
SR386_40X_HE_T441_01,0,0.20099562406539917,test
SR1482_40X_HE_T139_02,0,0.8769011497497559,test
SR1482_40X_HE_T156_01,0,0.0022793542593717575,test
SR1482_40X_HE_T332_02,0,0.0067320894449949265,test
SR1482_40X_HE_T413_01,0,0.02382693998515606,test
SR1482_40X_HE_T062_02,0,0.07226485759019852,test
SR1482_40X_HE_T222_01,0,0.01239907369017601,test
SR1482_40X_HE_T325_01,0,0.806995689868927,test
SR1482_40X_HE_T048_02,0,0.12211839854717255,test
SR1482_40X_HE_T061_02,0,0.8658196330070496,test
SR386_40X_HE_T252_01,0,0.04557766392827034,test
SR1482_40X_HE_T346_02,0,0.26771172881126404,test
SR1482_40X_HE_T304_02,0,0.22803741693496704,test
SR1482_40X_HE_T117_01,0,0.033425357192754745,test
SR386_40X_HE_T032_01,0,0.0036701071076095104,test
SR386_40X_HE_T303_01,0,0.008029863238334656,test
SR1482_40X_HE_T213_01,0,0.46103641390800476,test
SR1482_40X_HE_T400_02,0,0.02659856341779232,test
SR1482_40X_HE_T423_01,0,0.02395823784172535,test
SR1482_40X_HE_T215_01,0,0.32553568482398987,test
SR1482_40X_HE_T057_01,0,0.015597010031342506,test
SR386_40X_HE_T526_01,0,0.002683498663827777,test
SR1482_40X_HE_T400_01,0,0.005948603618890047,test
SR1482_40X_HE_T083_01,0,0.3846585154533386,test
SR1482_40X_HE_T383_02,0,0.17126576602458954,test
SR1482_40X_HE_T427_01,0,0.0883660838007927,test
SR386_40X_HE_T302_01,0,0.03184986859560013,test
SR386_40X_HE_T181_01,0,0.003766261972486973,test
SR1482_40X_HE_T335_02,0,0.030009981244802475,test
